T_K,x1,p_kPa
283.15,0.1146,47.23
293.15,0.1146,63.28
303.15,0.1146,85.15
313.15,0.1146,101.65
323.15,0.1146,145.90
333.15,0.1146,190.89
343.15,0.1146,240.76
353.15,0.1146,300.45
363.15,0.1146,370.54
283.15,0.2380,71.64
293.15,0.2380,115.98
303.15,0.2380,155.83
313.15,0.2380,201.58
323.15,0.2380,257.57
333.15,0.2380,328.31
343.15,0.2380,404.16
353.15,0.2380,501.34
363.15,0.2380,611.32
283.15,0.3349,122.92
293.15,0.3349,169.21
303.15,0.3349,226.83
313.15,0.3349,296.81
323.15,0.3349,378.15
333.15,0.3349,470.70
343.15,0.3349,568.42
353.15,0.3349,651.57
363.15,0.3349,742.25
283.15,0.3859,145.87
293.15,0.3859,195.78
303.15,0.3859,258.92
313.15,0.3859,332.16
323.15,0.3859,414.34
333.15,0.3859,541.95
343.15,0.3859,653.26
353.15,0.3859,768.09
363.15,0.3859,891.72
283.15,0.4966,186.37
293.15,0.4966,255.65
303.15,0.4966,340.42
313.15,0.4966,442.42
323.15,0.4966,561.21
333.15,0.4966,652.27
343.15,0.4966,799.19
353.15,0.4966,958.99
363.15,0.4966,1149.12
283.15,0.5286,197.26
293.15,0.5286,271.00
303.15,0.5286,361.48
313.15,0.5286,471.55
323.15,0.5286,600.62
333.15,0.5286,743.01
343.15,0.5286,896.01
353.15,0.5286,1076.92
363.15,0.5286,1277.36
283.15,0.6009,225.09
293.15,0.6009,309.80
303.15,0.6009,410.77
313.15,0.6009,540.62
323.15,0.6009,686.33
333.15,0.6009,845.63
343.15,0.6009,1005.62
353.15,0.6009,1195.43
363.15,0.6009,1415.89
283.15,0.6940,269.49
293.15,0.6940,366.72
303.15,0.6940,485.79
313.15,0.6940,614.11
323.15,0.6940,743.44
333.15,0.6940,933.41
343.15,0.6940,1121.11
353.15,0.6940,1330.00
363.15,0.6940,1551.87
283.15,0.7879,313.68
293.15,0.7879,423.52
303.15,0.7879,538.69
313.15,0.7879,665.29
323.15,0.7879,840.84
333.15,0.7879,1008.64
343.15,0.7879,1225.73
353.15,0.7879,1478.77
363.15,0.7879,1766.82
283.15,0.8796,354.99
293.15,0.8796,482.54
303.15,0.8796,616.40
313.15,0.8796,801.56
323.15,0.8796,1007.62
333.15,0.8796,1265.18
343.15,0.8796,1560.13
353.15,0.8796,1905.90
363.15,0.8796,2245.66
