# Agarwal 1982 R22-DMF vapor pressure data, transcribed from thesis Lampiran-7
# T_K, xi_R22_massfrac, P_bar
# NOTE 253.15K: 50%->0.810 / 60.22%->0.768 as printed (non-monotonic; suspect original typo, kept as-is)
248.15,0.10,0.127
248.15,0.23076,0.200
248.15,0.32,0.301
248.15,0.40348,0.408
248.15,0.50,0.523
248.15,0.6022,0.624
248.15,0.70,0.844
248.15,0.80,1.225
248.15,0.90,1.608
248.15,1.00,2.058
253.15,0.10,0.155
253.15,0.23076,0.230
253.15,0.32,0.423
253.15,0.40348,0.519
253.15,0.50,0.810
253.15,0.6022,0.768
253.15,0.70,1.108
253.15,0.80,1.556
253.15,0.90,2.009
253.15,1.00,2.509
263.15,0.10,0.216
263.15,0.23076,0.318
263.15,0.32,0.549
263.15,0.40348,0.712
263.15,0.50,0.902
263.15,0.6022,1.127
263.15,0.70,1.529
263.15,0.80,2.345
263.15,0.90,3.002
263.15,1.00,3.630
273.15,0.10,0.281
273.15,0.23076,0.448
273.15,0.32,0.734
273.15,0.40348,0.973
273.15,0.50,1.317
273.15,0.6022,1.612
273.15,0.70,2.157
273.15,0.80,3.245
273.15,0.90,4.377
273.15,1.00,5.098
283.15,0.10,0.368
283.15,0.23076,0.633
283.15,0.32,0.987
283.15,0.40348,1.312
283.15,0.50,1.851
283.15,0.6022,2.214
283.15,0.70,2.723
283.15,0.80,4.512
283.15,0.90,6.038
283.15,1.00,6.968
293.15,0.10,0.480
293.15,0.23076,0.775
293.15,0.32,1.342
293.15,0.40348,1.544
293.15,0.50,2.424
293.15,0.6022,2.947
293.15,0.70,3.244
293.15,0.80,5.894
293.15,0.90,8.003
293.15,1.00,9.346
303.15,0.10,0.620
303.15,0.23076,1.030
303.15,0.32,1.745
303.15,0.40348,1.962
303.15,0.50,3.060
303.15,0.6022,3.560
303.15,0.70,4.789
303.15,0.80,7.754
303.15,0.90,10.203
303.15,1.00,12.255
313.15,0.00,0.014
313.15,0.10,0.834
313.15,0.23076,1.392
313.15,0.32,2.247
313.15,0.40348,2.614
313.15,0.50,3.796
313.15,0.6022,4.159
313.15,0.70,5.591
313.15,0.80,9.834
313.15,0.90,12.724
313.15,1.00,15.783
323.15,0.00,0.024
323.15,0.10,0.998
323.15,0.23076,1.709
323.15,0.32,2.783
323.15,0.40348,3.336
323.15,0.50,4.816
323.15,0.6022,5.114
323.15,0.70,7.020
323.15,0.80,12.114
333.15,0.00,0.039
333.15,0.10,1.187
333.15,0.23076,2.154
333.15,0.32,3.416
333.15,0.40348,4.260
333.15,0.50,6.026
333.15,0.6022,6.461
333.15,0.70,8.295
333.15,0.80,15.403
343.15,0.00,0.063
343.15,0.10,1.405
343.15,0.23076,2.756
343.15,0.32,4.318
343.15,0.40348,5.349
343.15,0.50,7.619
343.15,0.6022,8.310
343.15,0.70,10.194
353.15,0.00,0.099
353.15,0.10,1.511
353.15,0.23076,3.319
353.15,0.32,5.180
353.15,0.40348,6.375
353.15,0.50,8.387
353.15,0.6022,9.646
353.15,0.70,11.909
363.15,0.00,0.148
363.15,0.10,1.793
363.15,0.23076,3.906
363.15,0.32,6.178
363.15,0.40348,7.380
363.15,0.50,10.030
363.15,0.6022,11.703
363.15,0.70,14.032
373.15,0.00,0.209
373.15,0.10,2.033
373.15,0.23076,4.395
373.15,0.32,7.309
373.15,0.40348,8.893
373.15,0.50,11.780
373.15,0.6022,13.760
383.15,0.00,0.296
383.15,0.10,2.374
383.15,0.23076,5.269
383.15,0.32,8.488
383.15,0.40348,10.407
383.15,0.50,13.820
393.15,0.00,0.405
393.15,0.10,2.843
393.15,0.23076,5.954
393.15,0.32,9.687
393.15,0.40348,12.050
